{"cameraMode":{"drawMode":0,"name":"Shaded","section":"Shading Mode"},"sceneLighting":true,"audioPlay":false,"sceneViewState":{"showFog":false,"showMaterialUpdate":false,"showSkybox":false,"showFlares":false,"showImageEffects":false,"showParticleSystems":true},"in2DMode":false,"pivot":{"x":162.44691467285157,"y":3.3956260681152345,"z":209.77688598632813},"rotation":{"x":0.032790835946798328,"y":0.7432029247283936,"z":-0.03625732660293579,"w":0.6673358678817749},"size":14375.9775390625,"orthographic":false}