{"cameraMode":{"drawMode":0,"name":"Shaded","section":"Shading Mode"},"sceneLighting":true,"audioPlay":false,"sceneViewState":{"showFog":false,"showMaterialUpdate":false,"showSkybox":false,"showFlares":false,"showImageEffects":false,"showParticleSystems":true},"in2DMode":false,"pivot":{"x":25.652320861816408,"y":3.518517017364502,"z":100.77371215820313},"rotation":{"x":-0.0069052972830832008,"y":-0.037210214883089069,"z":0.00008008855365915224,"w":-0.99932461977005},"size":27.654239654541017,"orthographic":false}