{"cameraMode":{"drawMode":0,"name":"Shaded","section":"Shading Mode"},"sceneLighting":true,"audioPlay":false,"sceneViewState":{"showFog":true,"showMaterialUpdate":false,"showSkybox":true,"showFlares":true,"showImageEffects":true,"showParticleSystems":true},"in2DMode":false,"pivot":{"x":142.931640625,"y":-16.969329833984376,"z":-64.78511047363281},"rotation":{"x":0.09107086807489395,"y":-0.7658778429031372,"z":0.11129919439554215,"w":0.6267065405845642},"size":22.573312759399415,"orthographic":false}