{"cameraMode":{"drawMode":0,"name":"Shaded","section":"Shading Mode"},"sceneLighting":true,"audioPlay":false,"sceneViewState":{"showFog":false,"showMaterialUpdate":false,"showSkybox":false,"showFlares":false,"showImageEffects":false,"showParticleSystems":true},"in2DMode":false,"pivot":{"x":95.24891662597656,"y":10.3877534866333,"z":-131.84495544433595},"rotation":{"x":0.007605074904859066,"y":-0.9843014478683472,"z":0.043135866522789,"w":0.17144955694675446},"size":177.65419006347657,"orthographic":false}